Workbook
Name FID_1: [1]AGR_Fuels!$A$2

Sheet EB1
X1: Default Units | Y1: Currency | Z1: Activity | AA1: Emissions
D2: COA | E2: GAS | F2: OIL | G2: DSL | H2: KER | I2: LPG | J2: GSL | K2: NAP | L2: HFO | M2: OPP | N2: NUC | O2: BIO | P2: HYD | Q2: WIN | R2: SOL | S2: SLU | T2: HET | U2: ELC | V2: TOT | Y2: M$2021 | Z2: PJ | AA2: kt | AE2: COA | AF2: GAS | AG2: OIL | AH2: DSL | AI2: KER | AJ2: LPG | AK2: GSL | AL2: NAP | AM2: HFO | AN2: OPP | AO2: NUC | AP2: RNW | AQ2: SLU | AR2: HET | AS2: ELC
C3: REG1 | D3: Solid Fuels | E3: Natural Gas | F3: Crude oil | G3: Diesel oil | H3: Kerosenes | I3: LPG | J3: Motor spirit | K3: Naphtha | L3: Heavy Fuel Oil | M3: Other Petroleum Products | N3: Nuclear Energy | O3: Biomass | P3: Hydro power | Q3: Wind energy | R3: Solar energy | S3: Industrial Wastes | T3: Derived Heat | U3: Electricity | V3: Total | AC3: Break-out by Region 1 | AE3: Solid Fuels | AF3: Natural Gas | AG3: Crude oil | AH3: Diesel oil | AI3: Kerosenes | AJ3: LPG | AK3: Motor spirit | AL3: Naphtha | AM3: Heavy Fuel Oil | AN3: Other Petroleum Products | AO3: Nuclear Energy | AP3: Renewable Energies | AQ3: Industrial Wastes | AR3: Derived Heat | AS3: Electricity
C4: FINAL | AD4: FINAL | AO4: 0
B5: RSD | C5: Residential | D5: =[2]EB1!D16 -> 0 | E5: =[2]EB1!E16 -> 0 | F5: =[2]EB1!F16 -> 0 | G5: =[2]EB1!G16 -> 0 | H5: =[2]EB1!H16 -> 0 | I5: =[2]EB1!I16 -> 8.7784636 | J5: =[2]EB1!J16 -> 0 | K5: =[2]EB1!K16 -> 0 | ... U5: =[2]EB1!U16 -> 15.231997 | V5: =SUM(D5:U5) -> 53.616579 | AC5: RSD | AD5: Residential | AE5: 1 | AF5: 0 | AG5: 0.3 | AH5: 0.3 | AI5: 0.3 | AJ5: 0.3 | AK5: 0.3 | AL5: 0.3 | AM5: 0.3 | AN5: 0.3 | AO5: 0 | AP5: 1 | AQ5: 0.5 | AR5: 0.5 | AS5: 0.44
B6: COM | C6: Commercial | D6: =[2]EB1!D17 -> 0 | E6: =[2]EB1!E17 -> 0 | F6: =[2]EB1!F17 -> 0 | G6: =[2]EB1!G17 -> 0 | H6: =[2]EB1!H17 -> 0 | I6: =[2]EB1!I17 -> 5.359104 | J6: =[2]EB1!J17 -> 0 | K6: =[2]EB1!K17 -> 0 | ... U6: =[2]EB1!U17 -> 11.973411 | V6: =SUM(D6:U6) -> 17.352779 | AC6: COM | AD6: Commercial | AE6: 1 | AF6: 0 | AG6: 0.3 | AH6: 0.3 | AI6: 0.3 | AJ6: 0.3 | AK6: 0.3 | AL6: 0.3 | AM6: 0.3 | AN6: 0.3 | AO6: 0 | AP6: 1 | AQ6: 0.5 | AR6: 0.5 | AS6: 0.44
B7: IND | C7: Industry | D7: =[2]EB1!D18 -> 20.329845 | E7: =[2]EB1!E18 -> 0 | F7: =[2]EB1!F18 -> 0 | G7: =[2]EB1!G18 -> 9.3960166 | H7: =[2]EB1!H18 -> 0 | I7: =[2]EB1!I18 -> 0.02847024 | J7: =[2]EB1!J18 -> 0 | K7: =[2]EB1!K18 -> 0 | ... U7: =[2]EB1!U18 -> 15.341691 | V7: =SUM(D7:U7) -> 105.16279 | AC7: IND | AD7: Industry | AE7: 1 | AF7: 0 | AG7: 0.3 | AH7: 0.3 | AI7: 0.3 | AJ7: 0.3 | AK7: 0.3 | AL7: 0.3 | AM7: 0.3 | AN7: 0.3 | AO7: 0 | AP7: 1 | AQ7: 0.5 | AR7: 0.5 | AS7: 0.44
B8: AGR | C8: Agriculture | D8: =[2]EB1!D19 -> 0 | E8: =[2]EB1!E19 -> 0 | F8: =[2]EB1!F19 -> 0 | G8: =[2]EB1!G19 -> 8.9932464 | H8: =[2]EB1!H19 -> 0 | I8: =[2]EB1!I19 -> 0 | J8: =[2]EB1!J19 -> 0 | K8: =[2]EB1!K19 -> 0 | ... U8: =[2]EB1!U19 -> 0 | V8: =SUM(D8:U8) -> 8.9932883 | AC8: AGR | AD8: Agriculture | AE8: 1 | AF8: 0 | AG8: 0.3 | AH8: 0.3 | AI8: 0.3 | AJ8: 0.3 | AK8: 0.3 | AL8: 0.3 | AM8: 0.3 | AN8: 0.3 | AO8: 0 | AP8: 1 | AQ8: 0.5 | AR8: 0.5 | AS8: 0.44
B9: TRA | C9: Transport | D9: =[2]EB1!D20 -> 0 | E9: =[2]EB1!E20 -> 0 | F9: =[2]EB1!F20 -> 0 | G9: =[2]EB1!G20 -> 59.234009 | H9: =[2]EB1!H20 -> 2.9927246 | I9: =[2]EB1!I20 -> 1.2346873 | J9: =[2]EB1!J20 -> 28.510015 | K9: =[2]EB1!K20 -> 0 | ... U9: =[2]EB1!U20 -> 0 | V9: =SUM(D9:U9) -> 101.39634 | AC9: TRA | AD9: Transport | AE9: 1 | AF9: 0 | AG9: 0.3 | AH9: 0.3 | AI9: 0.3 | AJ9: 0.3 | AK9: 0.3 | AL9: 0.3 | AM9: 0.3 | AN9: 0.3 | AO9: 0 | AP9: 1 | AQ9: 0.5 | AR9: 0.5 | AS9: 0.44
B10: OTH | C10: Other | D10: =[2]EB1!D21 -> 0 | E10: =[2]EB1!E21 -> 0 | F10: =[2]EB1!F21 -> 0 | G10: =[2]EB1!G21 -> 0 | H10: =[2]EB1!H21 -> 0 | I10: =[2]EB1!I21 -> 0 | J10: =[2]EB1!J21 -> 0 | K10: =[2]EB1!K21 -> 0 | ... U10: =[2]EB1!U21 -> 0 | V10: =SUM(D10:U10) -> 9.4588186 | AC10: OTH | AD10: Other | AE10: 1 | AF10: 0 | AG10: 0.3 | AH10: 0.3 | AI10: 0.3 | AJ10: 0.3 | AK10: 0.3 | AL10: 0.3 | AM10: 0.3 | AN10: 0.3 | AO10: 0 | AP10: 1 | AQ10: 0.5 | AR10: 0.5 | AS10: 0.44
B11: NEN | C11: Non Energy | D11: =[2]EB1!D22 -> 0 | E11: =[2]EB1!E22 -> 0 | F11: =[2]EB1!F22 -> 0 | G11: =[2]EB1!G22 -> 0 | H11: =[2]EB1!H22 -> 0 | I11: =[2]EB1!I22 -> 0 | J11: =[2]EB1!J22 -> 0 | K11: =[2]EB1!K22 -> 0 | ... U11: =[2]EB1!U22 -> 0 | V11: =SUM(D11:U11) -> 0 | AC11: NEN | AD11: Non Energy | AE11: 1 | AF11: 0 | AG11: 0.3 | AH11: 0.3 | AI11: 0.3 | AJ11: 0.3 | AK11: 0.3 | AL11: 0.3 | AM11: 0.3 | AN11: 0.3 | AO11: 0 | AP11: 1 | AQ11: 0.5 | AR11: 0.5 | AS11: 0.44
B12: BNK | C12: Bunkers | D12: =[2]EB1!D23 -> 0 | E12: =[2]EB1!E23 -> 0 | F12: =[2]EB1!F23 -> 0 | G12: =[2]EB1!G23 -> 0 | H12: =[2]EB1!H23 -> 0 | I12: =[2]EB1!I23 -> 0 | J12: =[2]EB1!J23 -> 0 | K12: =[2]EB1!K23 -> 0 | ... U12: =[2]EB1!U23 -> 0 | V12: =SUM(D12:U12) -> 0 | AC12: BNK | AD12: Bunkers | AE12: 1 | AF12: 0 | AG12: 0.3 | AH12: 0.3 | AI12: 0.3 | AJ12: 0.3 | AK12: 0.3 | AL12: 0.3 | AM12: 0.3 | AN12: 0.3 | AO12: 0 | AP12: 1 | AQ12: 0.5 | AR12: 0.5 | AS12: 0.44
B13: TFC | C13: Total Final Consumption | D13: =SUM(D5:D12) -> 20.329845 | E13: =SUM(E5:E12) -> 0 | G13: =SUM(G5:G12) -> 77.623272 | H13: =SUM(H5:H12) -> 2.9927246 | I13: =SUM(I5:I12) -> 15.400725 | J13: =SUM(J5:J12) -> 28.510015 | K13: =SUM(K5:K12) -> 0 | L13: =SUM(L5:L12) -> 1.3062816 | M13: =SUM(M5:M12) -> 8.1895483 | N13: =SUM(N5:N12) -> 0 | O13: =SUM(O5:O12) -> 99.079785 | S13: =SUM(S5:S12) -> 0.000293076 | T13: =SUM(T5:T12) -> 0.001004832 | U13: =SUM(U5:U12) -> 42.547099 | V13: =SUM(V5:V12) -> 295.98059 | AC13: TFC
C16: Data used in the template to buld the model
B19: Sector | C19: Break-out by end-use | D19: Solid Fuels | E19: Natural Gas | F19: Crude oil | G19: Diesel oil | H19: Kerosenes | I19: LPG | J19: Motor spirit | K19: Naphtha | L19: Heavy Fuel Oil | M19: Other Petroleum Products | N19: Nuclear Energy | O19: Biomass | P19: Hydro power | Q19: Wind energy | R19: Solar energy | S19: Industrial Wastes | T19: Derived Heat | U19: Electricity | V19: Total
B20: IND | C20: BOIL | D20: 1 | L20: 1 | O20: 1 | U20: 0.05 | X20: Boiler
B21: IND | C21: OAPP | G21: 1 | I21: 1 | U21: 0.2 | X21: Other Appliance
B22: IND | C22: COMP | U22: 0.2 | X22: Compressor
B23: IND | C23: PUMP | U23: 0.25 | X23: Pump
B24: IND | C24: MOTO | U24: 0.3 | X24: Heavy Motor
C27: CO2 | D27: Nox | E27: VOC
B28: Emission by sector | C28: Carbon dioxide | D28: NOX | E28: VOC
B29: IND | C29: 1

Sheet RES_IND
B2: Reference Energy System (from VEDA-FE Go-To RES feature)
E5: Industrial Demand Sectors

Sheet Sector_Fuels
B1: Sector Name | C1: Commodity | D1: Description | E1: Deafult unit | F1: Currency | G1: Existing
B2: ='EB1'!B7 -> IND | C2: ='EB1'!C7 -> Industry | D2: Sector Fuel | E2: ='EB1'!Z2 -> PJ | F2: ='EB1'!Y2 -> M$2021 | G2: E | J2: ~FI_Comm
J3: Csets | K3: Region | L3: CommName | M3: CommDesc | N3: Unit | O3: LimType | P3: CTSLvl | Q3: PeakTS | R3: Ctype
J4: *Commodity Set Membership | K4: Region Name | L4: Commodity Name | M4: Commodity Description | N4: Unit | O4: Sense of the Balance EQN. | P4: Timeslice Level | Q4: Peak Monitoring | R4: Electricity Indicator
J5: NRG | L5: =$B$2&[3]EB2!$D$2 -> INDCOA | M5: =$C$2&" "&[3]EB2!$D$3 -> Industry Solid Fuels | N5: =$E$2 -> PJ
L6: =$B$2&[3]EB2!$E$2 -> INDGAS | M6: =$C$2&" "&[3]EB2!$E$3 -> Industry Natural Gas | N6: =$E$2 -> PJ
L7: INDDSL | M7: Industry DSL | N7: =$E$2 -> PJ
L8: INDLPG | M8: Industry LPG | N8: =$E$2 -> PJ
L9: INDHFO | M9: Industry HFO | N9: =$E$2 -> PJ
L10: =$B$2&[3]EB2!$O$2 -> INDBIO | M10: =$C$2&" "&[3]EB2!$O$3 -> Industry Biomass | N10: =$E$2 -> PJ
L11: =$B$2&[3]EB2!$U$2 -> INDELC | M11: =$C$2&" "&[3]EB2!$U$3 -> Industry Electricity | N11: =$E$2 -> PJ
D14: ~FI_T | J14: ~FI_Process
B15: TechName | C15: Comm-IN | D15: Comm-OUT | E15: Share-I~UP | F15: STOCK | G15: EFF | H15: LIFE | J15: Sets | K15: Region | L15: TechName | M15: TechDesc | N15: Tact | O15: Tcap | P15: Tslvl | Q15: PrimaryCG | R15: Vintage
B16: *Technology Name | C16: Input Commodity | D16: Output Commodity | E16: Input Share | F16: Existing Installed Capacity | G16: Efficiency | H16: Lifetime | J16: *Process Set Membership | K16: Region Name | L16: Technology Name | M16: Technology Description | N16: Activity Unit | O16: Capacity Unit | P16: TimeSlice level of Process Activity | Q16: Primary Commodity Group | R16: Vintage Tracking
B17: *Units | F17: =E2&"a" -> PJa | H17: Years | J17: *
B18: =L18 -> FTE-INDCOA | C18: =RIGHT(D18,3) -> COA | D18: =L5 -> INDCOA | G18: 1 | H18: 50 | J18: PRE | L18: ="FT"&$G$2&"-"&L5 -> FTE-INDCOA | M18: =$D$2&" Technology"&" "&$G$1&" "&M5 -> Sector Fuel Technology Existing Industry Solid Fuels | N18: =$E$2 -> PJ | O18: =$E$2&"a" -> PJa | P18: DAYNITE
B19: =L19 -> FTE-INDGAS | C19: =RIGHT(D19,3) -> GAS | D19: =L6 -> INDGAS | G19: 1 | H19: 50 | L19: ="FT"&$G$2&"-"&L6 -> FTE-INDGAS | M19: =$D$2&" Technology"&" "&$G$1&" "&M6 -> Sector Fuel Technology Existing Industry Natural Gas | N19: =$E$2 -> PJ | O19: =$E$2&"a" -> PJa | P19: DAYNITE
B20: =L20 -> FTE-INDDSL | C20: ='EB1'!G$2 -> DSL | D20: =L7 -> INDDSL | G20: 1 | H20: 50 | L20: ="FT"&$G$2&"-"&L7 -> FTE-INDDSL | M20: =$D$2&" Technology"&" "&$G$1&" "&M7 -> Sector Fuel Technology Existing Industry DSL | N20: =$E$2 -> PJ | O20: =$E$2&"a" -> PJa | P20: DAYNITE
B21: =L21 -> FTE-INDLPG | C21: ='EB1'!I$2 -> LPG | D21: =L8 -> INDLPG | G21: 1 | H21: 50 | L21: ="FT"&$G$2&"-"&L8 -> FTE-INDLPG | M21: =$D$2&" Technology"&" "&$G$1&" "&M8 -> Sector Fuel Technology Existing Industry LPG | N21: =$E$2 -> PJ | O21: =$E$2&"a" -> PJa | P21: DAYNITE
B22: =L22 -> FTE-INDHFO | C22: ='EB1'!L$2 -> HFO | D22: =L9 -> INDHFO | G22: 1 | H22: 50 | L22: ="FT"&$G$2&"-"&L9 -> FTE-INDHFO | M22: =$D$2&" Technology"&" "&$G$1&" "&M9 -> Sector Fuel Technology Existing Industry HFO | N22: =$E$2 -> PJ | O22: =$E$2&"a" -> PJa | P22: DAYNITE
B23: =L23 -> FTE-INDBIO | C23: ELC | D23: =L10 -> INDBIO | G23: 1 | H23: 50 | L23: ="FT"&$G$2&"-"&L10 -> FTE-INDBIO | M23: =$D$2&" Technology"&" "&$G$1&" "&M10 -> Sector Fuel Technology Existing Industry Biomass | N23: =$E$2 -> PJ | O23: =$E$2&"a" -> PJa | P23: DAYNITE
B24: =L24 -> FTE-INDELC | C24: =RIGHT(D24,3) -> BIO | D24: =L10 -> INDBIO | G24: 1 | H24: 50 | L24: ="FT"&$G$2&"-"&L11 -> FTE-INDELC | M24: =$D$2&" Technology"&" "&$G$1&" "&M11 -> Sector Fuel Technology Existing Industry Electricity | N24: =$E$2 -> PJ | O24: =$E$2&"a" -> PJa | P24: DAYNITE
R29: 2
C32: User inputs
C33: Linked to the Energy Balance

Sheet DemTechs_IND
B1: Sector Name | C1: Description | D1: Type | E1: Default Unit | F1: Currency Unit | I1: Existing
B2: ='EB1'!B7 -> IND | C2: ='EB1'!C7 -> Industry | D2: ="Demand Technologies" -> Demand Technologies | E2: ='EB1'!Z2 -> PJ | F2: ='EB1'!Y2 -> M$2021 | I2: E | M2: ~FI_Comm
M3: Csets | N3: Region | O3: CommName | P3: CommDesc | Q3: Unit | R3: LimType | S3: CTSLvl | T3: PeakTS | U3: Ctype
M4: *Commodity Set Membership | N4: Region Name | O4: Commodity Name | P4: Commodity Description | Q4: Unit | R4: Sense of the Balance EQN. | S4: Timeslice Level | T4: Peak Monitoring | U4: Electricity Indicator
M5: DEM | O5: =LEFT($M$5,1)&LEFT(B2,1)&'EB1'!$C$20 -> DIBOIL | P5: =LEFT($D$2,6)&" "&$C$2& " Sector - "&'EB1'!$X$20 -> Demand Industry Sector - Boiler | Q5: PJ
M6: DEM | O6: =LEFT($M$5,1)&LEFT(B2,1)&'EB1'!$C$21 -> DIOAPP | P6: =LEFT($D$2,6)&" "&$C$2& " Sector - "&'EB1'!$X$21 -> Demand Industry Sector - Other Appliance | Q6: PJ
M7: DEM | O7: =LEFT($M$5,1)&LEFT(B2,1)&'EB1'!$C$22 -> DICOMP | P7: =LEFT($D$2,6)&" "&$C$2& " Sector - "&'EB1'!$X$22 -> Demand Industry Sector - Compressor | Q7: PJ
M8: DEM | O8: =LEFT($M$5,1)&LEFT(B2,1)&'EB1'!$C$23 -> DIPUMP | P8: =LEFT($D$2,6)&" "&$C$2& " Sector - "&'EB1'!$X$23 -> Demand Industry Sector - Pump | Q8: PJ
M9: DEM | O9: =LEFT($M$5,1)&LEFT(B2,1)&'EB1'!$C$24 -> DIMOTO | P9: =LEFT($D$2,6)&" "&$C$2& " Sector - "&'EB1'!$X$24 -> Demand Industry Sector - Heavy Motor | Q9: PJ
M10: ENV | O10: =$B$2&'EB1'!$C$27 -> INDCO2 | P10: =$C$2&" "&'EB1'!$C$28 -> Industry Carbon dioxide | Q10: ='EB1'!$AA$2 -> kt
D14: ~FI_T | M14: ~FI_Process
B15: TechName | C15: Comm-IN | D15: Comm-OUT | E15: STOCK | F15: EFF | G15: AFA | H15: CAP2ACT | I15: LIFE | K15: Demand | M15: Sets | N15: Region | O15: TechName | P15: TechDesc | Q15: Tact | R15: Tcap | S15: Tslvl | T15: PrimaryCG | U15: Vintage
B16: *Technology Name | C16: Input Commodity | D16: Output Commodity | E16: Existing Installed Capacity | F16: Efficiency | G16: Utilisation Factor | H16: Capacity to Activity Factor | I16: Lifetime | K16: Production | M16: *Process Set Membership | N16: Region Name | O16: Technology Name | P16: Technology Description | Q16: Activity Unit | R16: Capacity Unit | S16: TimeSlice level of Process Activity | T16: Primary Commodity Group | U16: Vintage Tracking
B17: *Units | E17: GW | H17: Capacity Unit/PJ | I17: Years | M17: *
B18: =O18 -> IBOILECOA | C18: INDCOA | D18: =$O$5 -> DIBOIL | E18: ='EB1'!$D$7*'EB1'!$D$20/(G18*H18)*1.01 -> 1.3022034 | F18: 0.8 | G18: 0.5 | H18: 31.536 | I18: 30 | K18: =E18*G18*H18 -> 20.533143 | M18: DMD | O18: IBOILECOA | P18: Demand Technologies Industry Sector - Existing Boiler - Solid Fuels | Q18: =$E$2 -> PJ | R18: =$E$2&"a" -> PJa
B19: =O19 -> IBOILEBIO | C19: INDBIO | D19: =$O$5 -> DIBOIL | E19: ='EB1'!$O$7*'EB1'!$O$20/(G19*H19)*1.01 -> 3.8442583 | F19: 0.85 | G19: 0.5 | H19: 31.536 | I19: 30 | K19: =E19*G19*H19 -> 60.616264 | M19: DMD | O19: IBOILEBIO | P19: Demand Technologies Industry Sector - Existing Boiler - Biomass | Q19: =$E$2 -> PJ | R19: =$E$2&"a" -> PJa
B20: =O20 -> IBOILEELC | C20: INDELC | D20: =$O$5 -> DIBOIL | E20: ='EB1'!$U$7*'EB1'!$U$20/(G20*H20)*1.01 -> 0.049134666 | F20: 1 | G20: 0.5 | H20: 31.536 | I20: 30 | K20: =E20*G20*H20 -> 0.77475541 | M20: DMD | O20: IBOILEELC | P20: Demand Technologies Industry Sector - Existing Boiler - Electricity | Q20: =$E$2 -> PJ | R20: =$E$2&"a" -> PJa
B21: =O21 -> IBOILHFO | C21: INDHFO | D21: =$O$5 -> DIBOIL | E21: ='EB1'!$L$7*'EB1'!$L$20/(G21*H21)*1.01 -> 0.0032449824 | F21: 0.8 | G21: 0.5 | H21: 31.536 | I21: 30 | K21: =E21*G21*H21 -> 0.051166883 | M21: DMD | O21: IBOILHFO | P21: Demand Technologies Industry Sector - Existing Boiler - HFO | Q21: =$E$2 -> PJ | R21: =$E$2&"a" -> PJa
B22: =O22 -> IOAPPEELC | C22: INDELC | D22: =$O$6 -> DIOAPP | E22: ='EB1'!$U$7*'EB1'!$U$21/(G22*H22)*1.01 -> 0.19653866 | F22: 1 | G22: 0.5 | H22: 31.536 | I22: 10 | K22: =E22*G22*H22 -> 3.0990216 | M22: DMD | O22: IOAPPEELC | P22: Demand Technologies Industry Sector - Existing Other Appliance - Electricity | Q22: =$E$2 -> PJ | R22: =$E$2&"a" -> PJa
B23: =O23 -> IOAPPELPG | C23: INDLPG | D23: =$O$6 -> DIOAPP | E23: ='EB1'!$I$7*'EB1'!$I$21/(G23*H23)*1.01 -> 0.0018236265 | F23: 0.87 | G23: 0.5 | H23: 31.536 | I23: 10 | K23: =E23*G23*H23 -> 0.028754942 | M23: DMD | O23: IOAPPELPG | P23: Demand Technologies Industry Sector - Existing Other Appliance - LPG | Q23: =$E$2 -> PJ | R23: =$E$2&"a" -> PJa
B24: =O24 -> IOAPPEDSL | C24: INDDSL | D24: =$O$6 -> DIOAPP | E24: ='EB1'!$G$7*'EB1'!$G$21/(G24*H24)*1.01 -> 0.60185038 | F24: 0.2 | G24: 0.5 | H24: 31.536 | I24: 10 | K24: =E24*G24*H24 -> 9.4899767 | M24: DMD | O24: IOAPPEDSL | P24: Demand Technologies Industry Sector - Existing Other Appliance - Diesel oil | Q24: =$E$2 -> PJ | R24: =$E$2&"a" -> PJa
B25: =O25 -> ICOMPEELC | C25: INDELC | D25: =$O$7 -> DICOMP | E25: ='EB1'!$U$7*'EB1'!$U$22/(G25*H25)*1.01 -> 0.19653866 | F25: 1 | G25: 0.5 | H25: 31.536 | I25: 10 | K25: =E25*G25*H25 -> 3.0990216 | M25: DMD | O25: ICOMPEELC | P25: Demand Technologies Industry Sector - Existing Compressor - Electricity | Q25: =$E$2 -> PJ | R25: =$E$2&"a" -> PJa
B26: =O26 -> IPUMPEELC | C26: INDELC | D26: =$O$8 -> DIPUMP | E26: ='EB1'!$U$7*'EB1'!$U$23/(G26*H26)*1.01 -> 0.24567333 | F26: 0.6 | G26: 0.5 | H26: 31.536 | I26: 10 | K26: =E26*G26*H26 -> 3.873777 | M26: DMD | O26: IPUMPEELC | P26: Demand Technologies Industry Sector - Existing Pump - Electricity | Q26: =$E$2 -> PJ | R26: =$E$2&"a" -> PJa
B27: =O27 -> IMOTOEELC | C27: INDELC | D27: =$O$9 -> DIMOTO | E27: ='EB1'!$U$7*'EB1'!$U$24/(G27*H27)*1.01 -> 0.28574702 | F27: 0.9 | G27: 0.5 | H27: 32.536 | I27: 10 | K27: =E27*G27*H27 -> 4.6485324 | M27: DMD | O27: IMOTOEELC | P27: Demand Technologies Industry Sector - Existing Heavy Motor - Electricity | Q27: =$E$2 -> PJ | R27: =$E$2&"a" -> PJa
K29: =SUM(K18:K27) -> 106.21441
C30: User inputs
C31: Linked to the Energy Balance

Sheet Demands
B1: Sector Name | C1: Commodity | D1: Description | E1: Default Unit | F1: Currency Unit
B2: DEM | E2: ='EB1'!Z2 -> PJ | F2: ='EB1'!Y2 -> M$2021
C5: ~FI_T | I5: ~FI_T
B6: Attribute | C6: CommName | D6: *Unit | E6: 2021 | G6: Attribute | H6: CommName | I6: Timeslices | J6: 2021
B7: * | C7: Demand Commodity Name | D7: Demand Unit | E7: Demand Value | G7: * | H7: Demand Commodity Name
B8: *Units | E8: =E2 -> PJ | G8: *Units
B9: Demand | C9: =DemTechs_IND!$O5 -> DIBOIL | D9: PJ | E9: =SUM(DemTechs_IND!K18:K21) -> 81.97533 | G9: COM_FR | H9: =DemTechs_IND!$O$5 -> DIBOIL | I9: DD | J9: 0.35
B10: Demand | C10: =DemTechs_IND!$O6 -> DIOAPP | D10: PJ | E10: =SUM(DemTechs_IND!K22:K24) -> 12.617753 | G10: COM_FR | H10: =DemTechs_IND!$O$5 -> DIBOIL | I10: DN | J10: 0.15
B11: Demand | C11: =DemTechs_IND!$O7 -> DICOMP | D11: PJ | E11: =DemTechs_IND!K25 -> 3.0990216 | G11: COM_FR | H11: =DemTechs_IND!$O$5 -> DIBOIL | I11: RD | J11: =1-J9-J10-J12 -> 0.35
B12: Demand | C12: =DemTechs_IND!$O8 -> DIPUMP | D12: PJ | E12: =DemTechs_IND!K26 -> 3.873777 | G12: COM_FR | H12: =DemTechs_IND!$O$5 -> DIBOIL | I12: RN | J12: 0.15
B13: Demand | C13: =DemTechs_IND!$O9 -> DIMOTO | D13: PJ | E13: =DemTechs_IND!K27 -> 4.6485324 | G13: COM_FR | H13: =DemTechs_IND!$O$6 -> DIOAPP | I13: DD | J13: 0.35
G14: COM_FR | H14: =DemTechs_IND!$O$6 -> DIOAPP | I14: DN | J14: 0.15
E15: =SUM(E9:E13) -> 106.21441 | G15: COM_FR | H15: =DemTechs_IND!$O$6 -> DIOAPP | I15: RD | J15: =1-J13-J14-J16 -> 0.35
G16: COM_FR | H16: =DemTechs_IND!$O$6 -> DIOAPP | I16: RN | J16: 0.15
G17: COM_FR | H17: =DemTechs_IND!$O$7 -> DICOMP | I17: DD | J17: 0.35
G18: COM_FR | H18: =DemTechs_IND!$O$7 -> DICOMP | I18: DN | J18: 0.15
G19: COM_FR | H19: =DemTechs_IND!$O$7 -> DICOMP | I19: RD | J19: =1-J17-J18-J20 -> 0.35
G20: COM_FR | H20: =DemTechs_IND!$O$7 -> DICOMP | I20: RN | J20: 0.15
G21: COM_FR | H21: =DemTechs_IND!$O$8 -> DIPUMP | I21: DD | J21: 0.35
G22: COM_FR | H22: =DemTechs_IND!$O$8 -> DIPUMP | I22: DN | J22: 0.15
G23: COM_FR | H23: =DemTechs_IND!$O$8 -> DIPUMP | I23: RD | J23: =1-J21-J22-J24 -> 0.35
G24: COM_FR | H24: =DemTechs_IND!$O$8 -> DIPUMP | I24: RN | J24: 0.15
G25: COM_FR | H25: =DemTechs_IND!$O$9 -> DIMOTO | I25: DD | J25: 0.35
G26: COM_FR | H26: =DemTechs_IND!$O$9 -> DIMOTO | I26: DN | J26: 0.15
G27: COM_FR | H27: =DemTechs_IND!$O$9 -> DIMOTO | I27: RD | J27: =1-J25-J26-J28 -> 0.35
G28: COM_FR | H28: =DemTechs_IND!$O$9 -> DIMOTO | I28: RN | J28: 0.15
C32: User inputs
C33: Linked to the Energy Balance

Sheet Emi
B3: Dynamic coefficients for combustion emissions in industry
B5: ~COMEMI
B6: CommName | C6: =Sector_Fuels!$L$5 -> INDCOA | D6: =Sector_Fuels!$L$6 -> INDGAS | E6: =Sector_Fuels!$L$7 -> INDDSL | F6: INDBIO
B7: *Units | C7: kt/PJ | D7: kt/PJ | E7: kt/PJ | F7: kt/PJ
B8: =DemTechs_IND!O10 -> INDCO2 | C8: 95 | D8: 56.1 | E8: 76.4 | F8: 112
C23: User inputs
C24: Linked to the Energy Balance
